Name,Price,Rating
HP 14q APU Dual Core A9 - (4 GB/256 GB SSD/Windows 10 Home) 14q-cy0006AU Thin and Light Laptop,"19,990",4.1
Dell 14 3000 Core i3 7th Gen - (4 GB/1 TB HDD/Linux) inspiron 3481 Laptop,"25,490",4.1
Asus TUF Gaming Ryzen 5 Quad Core - (8 GB/1 TB HDD/256 GB SSD/Windows 10 Home/3 GB Graphics/NVIDIA Gef...,"46,990",4.7
Asus VivoBook Gaming Core i7 9th Gen - (16 GB + 32 GB Optane/512 GB SSD/Windows 10 Home/4 GB Graphics/...,"75,990",4.4
HP 14q Core i3 7th Gen - (8 GB/256 GB SSD/Windows 10 Home) 14q-cs0023TU Thin and Light Laptop,"32,490",4.3
Lenovo Ideapad 130 Core i3 7th Gen - (4 GB/1 TB HDD/Windows 10 Home) 130-15IKB Laptop,"27,990",4
Apple MacBook Air Core i5 5th Gen - (8 GB/128 GB SSD/Mac OS Sierra) MQD32HN/A A1466,"64,990",4.7
Lenovo Ideapad L340 Core i5 8th Gen - (8 GB/1 TB HDD/Windows 10 Home) L340-15IWLU Laptop,"41,990",4.1
Lenovo Ideapad S145 Core i5 10th Gen - (8 GB/512 GB SSD/Windows 10 Home) S145-15IIL Thin and Light Lap...,"44,990",3.9
Lenovo Ideapad 330 Core i3 7th Gen - (4 GB/1 TB HDD/DOS) 330-14IKB Laptop,"24,990",4.1
Acer Nitro 5 Core i7 9th Gen - (8 GB/1 TB HDD/256 GB SSD/Windows 10 Home/4 GB Graphics/NVIDIA Geforce ...,"69,990",4.6
Lenovo Ideapad 130 Core i5 8th Gen - (8 GB/1 TB HDD/Windows 10 Home/2 GB Graphics) 130-15IKB Laptop,"39,990",4.1
Lenovo Ideapad 130 Core i3 7th Gen - (4 GB/1 TB HDD/Windows 10 Home) 130-15IKB Laptop,"26,990",4
Lenovo Ideapad 130 Core i3 7th Gen - (4 GB/1 TB HDD/DOS/2 GB Graphics) 130-15IKB Laptop,"28,990",4.1
Lenovo Ideapad S145 Core i3 10th Gen - (4 GB/256 GB SSD/Windows 10 Home) S145-15IIL Thin and Light Lap...,"33,990",4.4
MSI Modern 14 Core i5 10th Gen - (8 GB/512 GB SSD/Windows 10 Home) MODERN 14 A10M-652IN Thin and Light...,"52,990",4.6
Lenovo Ideapad S145 Core i5 8th Gen - (8 GB/1 TB HDD/256 GB SSD/Windows 10 Home) S145-15IWL Thin and L...,"44,990",4.2
HP 15 Ryzen 3 Dual Core - (4 GB/1 TB HDD/Windows 10 Home) 15-db1069AU Laptop,"24,990",4
Asus ROG Strix G Core i7 9th Gen - (16 GB/1 TB SSD/Windows 10 Home/4 GB Graphics/NVIDIA Geforce GTX 16...,"99,990",4.5
HP 15 Core i3 8th Gen - (8 GB/1 TB HDD/Windows 10 Home) 15-da0414tu Thin and Light Laptop,"35,499",4.4
HP Pavilion 15-EC Ryzen 5 Quad Core - (8 GB/1 TB HDD/128 GB SSD/Windows 10 Home/3 GB Graphics/NVIDIA G...,"49,990",4.5
Lenovo Ideapad 330 Core i3 7th Gen - (8 GB/1 TB HDD/Windows 10 Home) 330-15IKB Laptop,"31,490",4.1
Acer Aspire 5 Core i3 8th Gen - (4 GB/1 TB HDD/Windows 10 Home) A515-52 Thin and Light Laptop,"33,990",3.9
Asus TUF Gaming Ryzen 5 Quad Core - (8 GB/1 TB HDD/Windows 10 Home/3 GB Graphics/NVIDIA Geforce GTX 10...,"49,990",4.6
Acer Swift 3 Core i5 8th Gen - (8 GB/512 GB SSD/Windows 10 Home/2 GB Graphics) SF314-55G Thin and Ligh...,"54,990",4.5
HP 14q Core i5 8th Gen - (8 GB/1 TB HDD/Windows 10 Home) 14q-cs0017tu Thin and Light Laptop,"41,790",4.2
Asus VivoBook 15 Core i3 7th Gen - (4 GB/1 TB HDD/Windows 10 Home) X543UA-DM341T Laptop,"27,990",3.4
Acer Predator Triton 300 Core i5 9th Gen - (8 GB/1 TB HDD/256 GB SSD/Windows 10 Home/4 GB Graphics/NVI...,"67,990",4.6
Asus VivoBook Gaming Core i5 9th Gen - (8 GB + 32 GB Optane/512 GB SSD/Windows 10 Home/4 GB Graphics/N...,"54,990",4.6
HP Pavilion 15-EC Ryzen 5 Quad Core - (8 GB/1 TB HDD/128 GB SSD/Windows 10 Home/4 GB Graphics/NVIDIA G...,"56,990",4.4
Asus VivoBook 14 Core i5 8th Gen - (8 GB/512 GB SSD/Windows 10 Home) X412FA-EK295T Thin and Light Lapt...,"49,990",4.4
Lenovo Ideapad 130 Core i3 7th Gen - (4 GB/1 TB HDD/DOS) 130-15IKB Laptop,"25,990",4
HP 15q Core i5 8th Gen - (8 GB/1 TB HDD/Windows 10 Home) 15q-ds1001TU Laptop,"43,990",4.3
Lenovo Ideapad 130 APU Dual Core A6 - (4 GB/1 TB HDD/Windows 10 Home) 130-15AST Laptop,"20,490",3.9
Lenovo Ideapad 130 Core i5 8th Gen - (8 GB/1 TB HDD/DOS/2 GB Graphics) 130-15IKB Laptop,"40,990",4
HP 15s Ryzen 3 Dual Core - (4 GB/256 GB SSD/Windows 10 Home) 15s-eq0007AU Thin and Light Laptop,"28,990",4.2
Asus ROG Strix G Core i5 9th Gen - (8 GB/1 TB HDD/256 GB SSD/Windows 10 Home/4 GB Graphics/NVIDIA Gefo...,"67,990",4.6
Lenovo Core i7 8th Gen - (8 GB/1 TB HDD/Windows 10 Home/2 GB Graphics) L340-15IWL Laptop,"58,990",4.2
HP Pavilion 14-ce Core i5 10th Gen - (8 GB/512 GB SSD/Windows 10 Home) 14-ce3006TU Thin and Light Lapt...,"54,990",4.6
HP Pavilion x360 Core i3 8th Gen - (4 GB/256 GB SSD/Windows 10 Home) 14-dh0107TU 2 in 1 Laptop,"41,990",4.5
HP Envy 13 Core i5 10th Gen - (8 GB + 32 GB Optane/512 GB SSD/Windows 10 Home) 13-aq1015TU Thin and Li...,"74,990",3.3
Lenovo 81D10041IN Celeron Dual Core 7th Gen - (4 GB/1 TB HDD/Windows 10 Home) 330-15IGM Laptop,"20,490",4.8
HP Omen Core i5 9th Gen - (8 GB/1 TB HDD/256 GB SSD/Windows 10 Home/4 GB Graphics/NVIDIA Geforce GTX 1...,"71,990",4.2
HP 15 Pentium Gold - (4 GB/1 TB HDD/Windows 10 Home) 15-di0001TU Laptop,"22,790",4.3
Lenovo Ideapad 330 Core i5 8th Gen - (8 GB/1 TB HDD/DOS/4 GB Graphics) 330-15IKB/ 81DELenovo ideapad 3...,"41,990",4.4
Asus Core i5 8th Gen - (4 GB/1 TB HDD/Windows 10 Home/2 GB Graphics) R540UB-DM1043T Laptop,"34,990",3.9
Asus VivoBook 14 Ryzen 5 Quad Core 2nd Gen - (8 GB/512 GB SSD/Windows 10 Home) X412DA-EK502T Thin and ...,"39,990",4.4
Acer Nitro 5 Core i7 8th Gen - (8 GB + 16 GB Optane/1 TB HDD/Windows 10 Home/4 GB Graphics/NVIDIA Gefo...,"59,990",2
Lenovo Ideapad 330 Core i3 7th Gen - (4 GB + 16 GB Optane/1 TB HDD/Windows 10 Home/2 GB Graphics) 330-...,"35,990",4.1
Asus VivoBook 15 Core i3 8th Gen - (4 GB/256 GB SSD/Windows 10 Home) X512FA-EJ549T Laptop,"35,490",4.3
Asus VivoBook 14 APU Quad Core A12 - (8 GB/512 GB SSD/Windows 10 Home) X411QA-EK202T Thin and Light La...,"27,990",4.4
HP Notebook Core i3 8th Gen - (4 GB/1 TB HDD/Windows 10) 15s-du0120tu Laptop,"31,490",3.9
Avita Liber Core i5 7th Gen - (8 GB/256 GB SSD/Windows 10 Home) NS14A1IN010P Thin and Light Laptop,"41,990",4.3
Lenovo Ideapad S145 Core i3 7th Gen - (4 GB/1 TB HDD/Windows 10 Home) S145-15IKB Thin and Light Laptop,"28,490",4.1
Microsoft Surface Go Pentium Gold - (4 GB/64 GB EMMC Storage/Windows 10 Home in S Mode) 1824 2 in 1 La...,"29,999",4.4
Avita Liber Core i5 8th Gen - (8 GB/256 GB SSD/Windows 10 Home) NS14A2IN214P Thin and Light Laptop,"41,990",4.4
Acer Helios 300 Core i7 9th Gen - (16 GB/2 TB HDD/256 GB SSD/Windows 10 Home/8 GB Graphics/NVIDIA Gefo...,"1,69,990",No ratings
Acer Nitro 5 Ryzen 5 Quad Core - (8 GB/1 TB HDD/Windows 10 Home/4 GB Graphics/AMD Radeon RX 560X) AN51...,"46,490",4.4
HP 15 Core i3 7th Gen - (8 GB/1 TB HDD/Windows 10 Home) 15Q-DS0026TU Laptop,"37,490",4.2
HP G7 Core i3 7th Gen - (4 GB/1 TB HDD/DOS) 240-G7 Laptop,"26,999",4
Lenovo Ideapad 330 Core i3 7th Gen - (4 GB/1 TB HDD/DOS) 330-15IKB Laptop,"25,990",4.1
Apple MacBook Pro Core i5 8th Gen - (8 GB/256 GB SSD/Mac OS Mojave) MV962HN,"1,54,990",4.5
HP Pavilion Core i5 9th Gen - (8 GB/1 TB HDD/Windows 10 Home/3 GB Graphics/NVIDIA Geforce GTX 1050) 15...,"52,990",4.2
Lenovo Ideapad 330 Pentium Quad Core - (4 GB/1 TB HDD/Windows 10 Home) 330-15IGM Laptop,"21,990",4.3
Asus ROG Strix Core i5 9th Gen - (8 GB/512 GB SSD/Windows 10 Home/4 GB Graphics/NVIDIA Geforce GTX 105...,"59,990",4.3
Acer Predator Helios 300 Core i7 9th Gen - (16 GB/2 TB HDD/256 GB SSD/Windows 10 Home/6 GB Graphics/NV...,"1,24,990",4.8
Lenovo Ideapad C340 Core i5 10th Gen - (8 GB/512 GB SSD/Windows 10 Home) C340-14IML 2 in 1 Laptop,"88,090",No ratings
Lenovo Ideapad 330 Ryzen 5 Quad Core - (8 GB/1 TB HDD/DOS) 330-15ARR U Laptop,"31,990",4.1
HP DI Core i3 7th Gen - (4 GB/1 TB HDD/Windows 10 Home) 15-di0002tu Laptop,"28,990",4
Asus VivoBook 15 APU Quad Core A12 - (8 GB/512 GB SSD/Windows 10 Home) X510QA-EJ202T Thin and Light La...,"29,990",5
MSI Core i7 9th Gen - (16 GB/1 TB HDD/1 TB SSD/Windows 10 Home/8 GB Graphics/NVIDIA Geforce RTX 2080) ...,"1,89,990",4.8
Dell Vostro 3000 Core i3 8th Gen - (4 GB/1 TB HDD/Linux) 3480 Laptop,"26,990",4.2
Acer Helios 300 Core i7 9th Gen - (16 GB/1 TB HDD/256 GB SSD/Windows 10 Home/6 GB Graphics/NVIDIA Gefo...,"1,29,990",4.7
Acer NITRO 5 Core i5 9th Gen - (8 GB/1 TB HDD/Windows 10 Home/3 GB Graphics/NVIDIA Geforce GTX 1050) A...,"49,990",4.4
Apple MacBook Air Core i5 8th Gen - (8 GB/256 GB SSD/Mac OS Mojave) A1932,"1,14,990",4.7
Dell 14 3000 Core i3 7th Gen - (4 GB/1 TB HDD/Windows 10 Home) inspiron3481 Laptop,"25,990",3.9
HP Pavilion Core i5 8th Gen - (8 GB/512 GB SSD/Windows 10 Home/2 GB Graphics) 14-ce1073TX Laptop,"59,990",4.8
Asus VivoBook 14 Core i5 8th Gen - (8 GB/512 GB SSD/Windows 10 Home/2 GB Graphics) X412FJ-EK177T Thin ...,"50,990",4.4
Acer Swift 5 Core i5 8th Gen - (8 GB/256 GB SSD/Windows 10 Home) SF514-52T Thin and Light Laptop,"64,990",4.6
Lenovo Ideapad S145 Pentium Gold - (4 GB/1 TB HDD/Windows 10 Home) S145-15IWL Thin and Light Laptop,"24,990",3.8
Apple MacBook Pro Core i5 8th Gen - (8 GB/512 GB SSD/Mac OS Mojave) MV972HN,"1,69,990",4.8
Lenovo IdeaPad S145 Core i5 8th Gen - (4 GB/1 TB HDD/Windows 10) S145-151WL Thin and Light Laptop,"36,990",No ratings
Lenovo Ideapad S340 Core i5 8th Gen - (8 GB/512 GB SSD/Windows 10 Home/2 GB Graphics) S340 Thin and Li...,"53,990",4.2
Lenovo Ideapad S145 Core i3 8th Gen - (8 GB/1 TB HDD/Windows 10 Home/2 GB Graphics/NVIDIA Geforce NVID...,"42,998",No ratings
Lenovo Ideapad L340 Core i7 9th Gen - (8 GB/1 TB HDD/128 GB SSD/Windows 10 Home/4 GB Graphics/NVIDIA G...,"72,990",4.6
Acer Swift 7 Core i5 7th Gen - (8 GB/256 GB SSD/Windows 10 Home) SF713-51 Thin and Light Laptop,"69,990",4.5
Microsoft Surface Pro 7 Core i7 10th Gen - (16 GB/256 GB SSD/Windows 10 Home) M1866 2 in 1 Laptop,"1,37,990",No ratings
Asus ROG Strix G Core i7 9th Gen - (16 GB/512 GB SSD/Windows 10 Home/4 GB Graphics/NVIDIA Geforce GTX ...,"86,990",4.5
Avita Liber Core i5 8th Gen - (8 GB/256 GB SSD/Windows 10 Home) NS14A2IN198P Thin and Light Laptop,"41,990",4.4
HP 14q APU Dual Core A6 - (4 GB/256 GB SSD/Windows 10 Home) 14q-cy0004AU Thin and Light Laptop,"20,490",4.1
Dell Inspiron 14 5000 Series Core i3 8th Gen - (4 GB/1 TB HDD/Windows 10 Home) 5482 2 in 1 Laptop,"42,990",3.4
HP Pavilion x360 Core i3 8th Gen - (4 GB/256 GB SSD/Windows 10 Home) 14-dh0101TU 2 in 1 Laptop,"45,990",4.5
HP 14q Core i3 7th Gen - (4 GB/1 TB HDD/DOS) 14q-cs0009TU Thin and Light Laptop,"25,990",4.2
HP 15 APU Dual Core A9 - (4 GB/500 GB HDD/Windows 10 Home) 15-BW523AU Laptop,"22,790",4
HP 15 Core i3 7th Gen - (4 GB/1 TB HDD/Windows 10 Home) 15-da0327TU Laptop,"31,990",4.1
HP 15q Ryzen 5 Quad Core - (4 GB/1 TB HDD/Windows 10 Home) 15q-dy0008AU Laptop,"31,990",4
Apple MacBook Pro Core i5 8th Gen - (8 GB/128 GB SSD/Mac OS Mojave) MUHN2HN/A,"1,14,990",4.8
Acer Nitro 5 Core i5 9th Gen - (8 GB/1 TB HDD/256 GB SSD/Windows 10 Home/4 GB Graphics/NVIDIA Geforce ...,"62,990",4.6
Asus VivoBook S14 Core i5 8th Gen - (8 GB/1 TB HDD/256 GB SSD/Windows 10 Home) S410UA-EB666T Laptop,"62,990",4.4
Asus VivoBook 15 Core i7 8th Gen - (8 GB/1 TB HDD/256 GB SSD/Windows 10 Home/2 GB Graphics) X512FL-EJ2...,"69,990",4.8
HP 15 Celeron Dual Core - (4 GB/1 TB HDD/Windows 10) da0099tu Notebook,"20,999",No ratings
Asus TUF Core i5 8th Gen - (8 GB/1 TB HDD/Windows 10 Home/4 GB Graphics/NVIDIA Geforce GTX 1050) FX504...,"74,990",4.4
Asus ZenBook Pro Duo Core i9 9th Gen - (32 GB/1 TB SSD/Windows 10 Home/6 GB Graphics) UX581GV-H9201T L...,"2,49,990",No ratings
HP Core M 6th Gen - (4 GB/128 GB SSD/Windows 10 Pro) X2 2 in 1 Laptop,"89,855",4.3
HP 15 APU Dual Core A6 - (4 GB/1 TB HDD/Windows 10 Home) 15-bw531AU Laptop,"22,490",4.1
Lenovo Ideapad S145 Core i3 8th Gen - (4 GB/1 TB HDD/Windows 10 Home) S145-15IWL Thin and Light Laptop,"35,388",4
HP Pavilion Ryzen 5 Quad Core - (8 GB/1 TB HDD/256 GB SSD/Windows 10 Home/4 GB Graphics/NVIDIA Geforce...,"67,988",4.4
Acer Predator Helios 300 Core i5 9th Gen - (16 GB/1 TB HDD/256 GB SSD/Windows 10 Home/6 GB Graphics/NV...,"94,990",4.7
Lenovo Yoga 730 Core i5 8th Gen - (8 GB/512 GB SSD/Windows 10 Home) 730-13IKB Thin and Light Laptop,"94,990",No ratings
HP Spectre x360 Core i7 8th Gen - (16 GB/512 GB SSD/Windows 10 Pro) 13-ae503TU 2 in 1 Laptop,"1,39,990",3.7
Acer Swift 3 Core i5 8th Gen - (8 GB/512 GB SSD/Windows 10 Home) SF313-51 Thin and Light Laptop,"54,990",4.4
Acer Swift 3 Core i3 8th Gen - (4 GB/256 GB SSD/Windows 10 Home) SF313-51-30EP Thin and Light Laptop,"45,990",4.5
Avita Liber Core i5 8th Gen - (8 GB/256 GB SSD/Windows 10 Home) NS14A2IN205P Thin and Light Laptop,"41,990",4.4
Acer NITRO 5 Core i7 9th Gen - (8 GB/1 TB HDD/256 GB SSD/Windows 10 Home/4 GB Graphics/NVIDIA Geforce ...,"84,990",No ratings
Apple MacBook Air Core i5 8th Gen - (8 GB/256 GB SSD/Mac OS Mojave) MVFN2HN/A,"1,14,990",4.7
Apple MacBook Pro Core i5 7th Gen - (8 GB/128 GB SSD/Mac OS Sierra) MPXQ2HN/A,"1,12,990",4.6
Acer Aspire 5 Core i5 7th Gen - (8 GB/1 TB HDD/Windows 10 Home/2 GB Graphics) A515-51G-5206 Laptop,"41,990",3.6
Asus Vivobook S15 Core i5 8th Gen - (8 GB/1 TB HDD/Windows 10/2 GB Graphics) S530FN-BQ256T Laptop,"59,490",No ratings
Lenovo Ideapad 330 Core i5 8th Gen - (8 GB/1 TB HDD/Windows 10 Home) 330-15IKB Laptop,"39,790",No ratings
Avita Liber Core i5 8th Gen - (8 GB/256 GB SSD/Windows 10 Home) NS14A2IN202P Thin and Light Laptop,"41,990",4.4
Apple MacBook Air Core i5 8th Gen - (8 GB/128 GB SSD/Mac OS Mojave) MVFM2HN/A,"94,990",4.7
Microsoft Surface Book 2 Core i7 8th Gen - (8 GB/256 GB SSD/Windows 10 Pro/2 GB Graphics) 1832 2 in 1 ...,"1,68,990",No ratings
Avita Liber Core i5 8th Gen - (8 GB/256 GB SSD/Windows 10 Home) NS13A2IN214P Thin and Light Laptop,"41,990",4.6
Acer Nitro 5 Spin Core i5 8th Gen - (8 GB/1 TB HDD/Windows 10 Home/4 GB Graphics) NP515-51 2 in 1 Lapt...,"64,990",4
Microsoft Surface Pro 6 Core i5 8th Gen - (8 GB/256 GB SSD/Windows 10 Home) 1796 2 in 1 Laptop,"1,07,990",No ratings
Lenovo Yoga 530 Core i5 8th Gen - (8 GB/512 GB SSD/Windows 10 Home/2 GB Graphics) 530-14IKB 2 in 1 Lap...,"83,990",4.2
Lenovo Core i5 7th Gen - (8 GB/1 TB HDD/Windows 10 Home/4 GB Graphics) IP 520 Laptop,"64,715",4
Microsoft Surface Core i7 7th Gen - (16 GB/512 GB SSD/Windows 10 Pro) 1769 Thin and Light Laptop,"1,96,999",No ratings
Apple MacBook Pro Core i5 8th Gen - (8 GB/128 GB SSD/Mac OS Mojave) MUHQ2HN/A,"1,14,990",4.5
Acer NITRO 5 Core i7 9th Gen - (8 GB/2 TB HDD/256 GB SSD/Windows 10 Home/6 GB Graphics/NVIDIA Geforce ...,"92,990",4.4
MSI P Core i5 10th Gen - (8 GB/512 GB SSD/Windows 10 Home/2 GB Graphics) Prestige 14 A10RB-031IN Thin ...,"79,990",No ratings
Lenovo Ideapad Core i5 7th Gen - (4 GB/1 TB HDD/Windows 10 Home) IP 320E-15IKB Laptop,"51,890",3.9
Avita Liber Core i5 8th Gen - (8 GB/256 GB SSD/Windows 10 Home) NS14A2IN204P Thin and Light Laptop,"41,990",4.4
Microsoft Surface Pro Core i7 7th Gen - (16 GB/512 GB SSD/Windows 10 Pro) 1796 2 in 1 Laptop,"1,82,999",No ratings
Microsoft Surface Pro 7 Core i5 10th Gen - (8 GB/256 GB SSD/Windows 10 Home) M1866 2 in 1 Laptop,"1,13,990",No ratings
HP G7 APU Dual Core A6 7th Gen - (4 GB/1 TB HDD/DOS) 245 G7 Laptop,"21,200",3.8
HP Omen Core i5 7th Gen - (8 GB/1 TB HDD/128 GB SSD/Windows 10 Home/6 GB Graphics/NVIDIA Geforce GTX 1...,"1,37,098",No ratings
HP Pavilion x360 Core i5 10th Gen - (8 GB/256 GB SSD/Windows 10 Home) 14-dh1010TU 2 in 1 Laptop,"67,990",4.6
Lenovo Legion Y740 Core i7 9th Gen - (8 GB/1 TB SSD/Windows 10 Home/6 GB Graphics/NVIDIA Geforce GTX 1...,"1,14,990",4.4
HP Spectre x360 Core i5 10th Gen - (8 GB/512 GB SSD/Windows 10 Home) 13-aw0204TU 2 in 1 Laptop,"99,990",3.7
Acer Swift 3 Athlon Dual Core - (4 GB/1 TB HDD/Windows 10 Home) SF314-41 Thin and Light Laptop,"32,990",No ratings
Lenovo Yoga 520 Core i3 8th Gen - (4 GB/1 TB HDD/Windows 10 Home) 520-14IKB 2 in 1 Laptop,"39,900",4.1
Apple MacBook Air Core i5 8th Gen - (8 GB/256 GB SSD/Mac OS Mojave) MREF2HN/A,"1,27,990",4.7
Acer Predator Helios 300 Core i7 9th Gen - (16 GB/1 TB HDD/256 GB SSD/Windows 10 Home/6 GB Graphics/NV...,"1,19,990",4.7
Lenovo Legion Y Series Core i5 9th Gen - (8 GB/2 TB HDD/256 GB SSD/Windows 10/4 GB Graphics/NVIDIA Gef...,"74,988",No ratings
Acer Predator Helios 300 Core i5 8th Gen - (8 GB/1 TB HDD/128 GB SSD/Windows 10 Home/4 GB Graphics/NVI...,"58,990",4.6
HP 15 Pentium Gold - (4 GB/1 TB HDD/Windows 10 Home) 15-da0389TU Laptop,"20,990",4
Apple MacBook Air Core i5 8th Gen - (8 GB/256 GB SSD/Mac OS Mojave) MRE92HN/A,"1,27,990",4.7
Nexstgo Core i7 8th Gen - (8 GB/256 GB SSD/Windows 10 Pro) NX101 Thin and Light Laptop,"86,990",No ratings
Dell Inspiron 3000 Core i7 9th Gen - (8 GB/512 GB SSD/Windows 10 Home/4 GB Graphics/NVIDIA Geforce GTX...,"93,490",No ratings
Asus ROG Strix Hero II Core i7 8th Gen - (16 GB/1 TB HDD/256 GB SSD/Windows 10 Home/6 GB Graphics/NVID...,"1,64,990",4.7
Nexstgo Core i5 8th Gen - (16 GB/512 GB SSD/Windows 10 Pro) NX101 Thin and Light Laptop,"97,990",No ratings
Apple MacBook Pro Core i9 8th Gen - (16 GB/512 GB SSD/Mac OS Mojave/4 GB Graphics) MV932HN,"2,24,990",4.8
Asus ZenBook Pro Duo Core i7 9th Gen - (32 GB/1 TB SSD/Windows 10 Home/6 GB Graphics) UX581GV-H7201T L...,"2,09,990",No ratings
HP Pavilion x360 14 Core i3 10th Gen - (4 GB/1 TB HDD/256 GB SSD/Windows 10 Home) 14-dh1008TU 2 in 1 L...,"55,997",3.8
Asus Ryzen 5 Quad Core - (4 GB/1 TB HDD/Windows 10 Home) M509DA-EJ542T Laptop,"34,290",No ratings
Acer Nitro 5 Core i7 8th Gen - (8 GB + 16 GB Optane/1 TB HDD/Windows 10 Home/4 GB Graphics/NVIDIA Gefo...,"67,990",4.4
Dell Inspiron 13 7000 Series Core i5 8th Gen - (8 GB/512 GB SSD/Windows 10 Home) insp 7380 Thin and Li...,"63,490",4.7
HP Omen Core i5 7th Gen - (8 GB/1 TB HDD/128 GB SSD/Windows 10 Home/4 GB Graphics/NVIDIA Geforce GTX 1...,"1,02,551",No ratings
HP HP Notebook Core i5 8th Gen - (8 GB/1 TB HDD/256 GB SSD/Windows 10 Home/2 GB Graphics) 14s-CR1018TX...,"57,890",5
Asus VivoBook S14 Core i7 8th Gen - (8 GB/1 TB HDD/256 GB SSD/Windows 10 Home) S410UA-EB720T Thin and ...,"81,990",4.6
Asus Core i3 8th Gen - (4 GB/1 TB HDD/Windows 10 Home) X540UA-GQ2098T Laptop,"31,990",4.1
MSI P Core i7 9th Gen - (32 GB/1 TB SSD/Windows 10 Home/6 GB Graphics/NVIDIA Geforce RTX 2060) P65 Cre...,"1,69,990",No ratings
Acer Predator Helios 300 Core i5 9th Gen - (16 GB/1 TB HDD/256 GB SSD/Windows 10 Home/6 GB Graphics/NV...,"99,990",No ratings
MSI Core i7 9th Gen - (16 GB/512 GB SSD/Windows 10 Home/6 GB Graphics/NVIDIA Geforce RTX 2060) GS65 St...,"1,84,990",No ratings
Acer Predator Helios 300 Core i7 8th Gen - (8 GB + 16 GB Optane/2 TB HDD/Windows 10 Home/6 GB Graphics...,"99,990",4.6
HP Pavilion Core i5 9th Gen - (8 GB/1 TB HDD/256 GB SSD/Windows 10 Home/4 GB Graphics/NVIDIA Geforce G...,"70,290",4.1
HP G4 APU Dual Core A9 7th Gen - (4 GB/500 GB HDD/Windows 10 Home) 455 G4 Laptop,"35,000",No ratings
Asus ROG Strix Edition Core i7 7th Gen - (8 GB/1 TB HDD/128 GB SSD/Windows 10 Home/4 GB Graphics/NVIDI...,"92,990",4
Lenovo Core i5 7th Gen - (8 GB/1 TB HDD/Windows 10 Home/2 GB Graphics) Ideapad 510 Laptop,"57,309",4.1
Dell Inspiron 7000 Core i7 9th Gen - (16 GB/512 GB SSD/Windows 10 Home/6 GB Graphics/NVIDIA Geforce GT...,"1,24,990",No ratings
Asus ZenBook 13 Core i5 8th Gen - (8 GB/256 GB SSD/Windows 10 Home) UX331UAL-EG002T Thin and Light Lap...,"55,990",4.5
Asus ROG Core i7 7th Gen - (8 GB/1 TB HDD/Windows 10 Home/4 GB Graphics/NVIDIA Geforce GTX 1050) GL553...,"1,07,990",4.3
Acer Predator Helios 300 Core i5 9th Gen - (8 GB/1 TB HDD/256 GB SSD/Windows 10 Home/6 GB Graphics/NVI...,"79,990",4
Lenovo Ideapad 330 Core i3 8th Gen - (4 GB/1 TB HDD/Windows 10 Home) 330-15IKB Laptop,"42,490",No ratings
MSI Core i7 9th Gen - (8 GB/1 TB HDD/128 GB SSD/Windows 10 Home/4 GB Graphics/NVIDIA Geforce GTX 1650)...,"1,07,990",5
Acer Aspire 3 Pentium Quad Core - (4 GB/500 GB HDD/Windows 10 Home) A315-34-P7EG Laptop,"20,990",4.1
Dell Inspiron 15 5000 Ryzen 5 Quad Core - (8 GB/1 TB HDD/Windows 10 Home) 5575 Laptop,"44,990",4.2
HP Pavilion Core i5 9th Gen - (8 GB/1 TB HDD/256 GB SSD/Windows 10 Home/4 GB Graphics/NVIDIA Geforce G...,"82,931",No ratings
Avita Liber Core i5 8th Gen - (8 GB/256 GB SSD/Windows 10 Home) NS14A2IN209P Thin and Light Laptop,"41,990",4.4
Acer Aspire 5 Core i5 7th Gen - (8 GB/1 TB HDD/Windows 10 Home/2 GB Graphics) A515-51G -5673 Laptop,"40,990",4.1
Acer Aspire 3 Celeron Dual Core - (2 GB/500 GB HDD/Linux) A315-31 Laptop,"16,490",3.9
Avita Liber Core i5 8th Gen - (8 GB/256 GB SSD/Windows 10 Home) NS14A2IN199P Thin and Light Laptop,"41,990",4.4
Asus ZenBook 13 Core i7 8th Gen - (8 GB/512 GB SSD/Windows 10 Home) UX333FA-A4116T Thin and Light Lapt...,"97,990",4.5
Dell Inspiron 7000 Core i7 9th Gen - (16 GB/512 GB SSD/Windows 10 Home/8 GB Graphics/NVIDIA Geforce RT...,"1,64,990",No ratings
Avita Liber Core i5 8th Gen - (8 GB/256 GB SSD/Windows 10 Home) NS14A2IN197P Thin and Light Laptop,"41,990",4.4
HP 14s Core i5 10th Gen - (8 GB/1 TB HDD/256 GB SSD/Windows 10 Home) 14s-CR2000TU Thin and Light Lapto...,"53,990",3.9
Lenovo 81N400EBIN Core i5 8th Gen - (8 GB/512 GB SSD/Windows 10 Home/2 GB Graphics) C340-14IWL Thin an...,"77,998",No ratings
Asus Core i5 8th Gen - (8 GB/1 TB HDD/Windows 10 Home/2 GB Graphics) R540UB-DM1197T Laptop,"38,990",4.1
Lenovo Ideapad 330 APU Dual Core A6 - (4 GB/1 TB HDD/DOS) 330-15ast u Laptop,"16,990",3.8
HP Chromebook x360 Core i5 8th Gen - (8 GB/64 GB EMMC Storage/Chrome OS) 14-da0004TU 2 in 1 Laptop,"47,990",5
Asus X512FA Core i3 10th Gen - (4 GB/512 GB SSD/Windows 10 Home) X512FA-EJ372T Laptop,"38,990",No ratings
Acer Predator Triton 300 Core i7 9th Gen - (8 GB/2 TB HDD/256 GB SSD/Windows 10 Home/4 GB Graphics/NVI...,"89,990",4.5
Asus Core i3 7th Gen - (4 GB/256 GB SSD/Windows 10 Home) X509UA-EJ362T Laptop,"34,990",4.2
HP Compaq 15-s103TX Notebook (4th Gen Ci3/ 4GB/ 1TB/ Free DOS/ 2GB Graph) (K8T82PA),"30,990",4.2
Asus Core i3 6th Gen - (4 GB/1 TB HDD/Windows 10 Home) X541UA-DM1233T Laptop,"31,990",3.5
Acer Spin 7 Core i7 7th Gen - (8 GB/256 GB SSD/Windows 10 Home) SP714-51 Laptop,"1,19,990",4
HP Spectre x360 Core i7 8th Gen - (16 GB/512 GB SSD/Windows 10 Home) 13-ap0101TU 2 in 1 Laptop,"1,72,725",No ratings
Lenovo Core i7 6th Gen - (8 GB/512 GB SSD/Windows 10 Home) Yoga 900 2 in 1 Laptop,"1,28,690",3.7
Avita Liber Core i5 7th Gen - (8 GB/128 GB SSD/Windows 10 Home) NS14A1IN501P Thin and Light Laptop,"41,990",4.1
HP Pavilion Core i5 8th Gen - (8 GB/1 TB HDD/128 GB SSD/Windows 10 Home/4 GB Graphics/NVIDIA Geforce G...,"94,543",4.5
Lenovo Legion Y530 Core i7 8th Gen - (8 GB/1 TB HDD/128 GB SSD/Windows 10 Home/4 GB Graphics/NVIDIA Ge...,"1,04,290",No ratings
Acer Predator Helios 300 Core i5 8th Gen - (8 GB/1 TB HDD/128 GB SSD/Windows 10 Home/4 GB Graphics/NVI...,"68,990",4.4
Alienware 17 Core i7 8th Gen - (16 GB/1 TB HDD/512 GB SSD/Windows 10 Home/8 GB Graphics/NVIDIA Geforce...,"2,28,990",No ratings
Lenovo Ideapad 720S Core i5 8th Gen - (8 GB/512 GB SSD/Windows 10 Home) 720S-13IKB Thin and Light Lapt...,"83,458",5
Acer Nitro 5 Core i7 9th Gen - (8 GB/1 TB HDD/256 GB SSD/Windows 10 Home/4 GB Graphics/NVIDIA Geforce ...,"85,990",No ratings
Lenovo Legion Y520 Core i7 7th Gen - (16 GB/1 TB HDD/128 GB SSD/Windows 10 Home/4 GB Graphics/NVIDIA G...,"99,159",No ratings
Asus Vivobook 15 Pentium Gold 7th Gen - (4 GB/256 GB SSD/Windows 10 Home) X509UA-EJ245T Laptop,"23,499",5
Acer Aspire 3 Celeron Dual Core - (2 GB/500 GB HDD/Linux) A315-33-C89L Laptop,"15,990",3.7
Apple MacBook Pro Core i5 8th Gen - (8 GB/256 GB SSD/Mac OS Mojave) MUHP2HN/A,"1,34,990",4.9
Dell Inspiron 15 7000 Core i5 8th Gen - (8 GB/1 TB HDD/128 GB SSD/Windows 10 Home/4 GB Graphics) 7570 ...,"79,990",4.6
Acer Predator 17 Core i7 7th Gen - (16 GB/2 TB HDD/256 GB SSD/Windows 10 Home/8 GB Graphics/NVIDIA Gef...,"1,86,555",No ratings
Microsoft Surface Pro Core i5 7th Gen - (8 GB/128 GB SSD/Windows 10 Pro) M1796 2 in 1 Laptop,"73,990",4.2
Dell Inspiron 13 7000 Core i5 8th Gen - (8 GB/256 GB SSD/Windows 10 Home) 7373 2 in 1 Laptop,"76,941",1.3
Asus VivoBook S14 Core i7 8th Gen - (8 GB/1 TB HDD/256 GB SSD/Windows 10 Home/2 GB Graphics) S430FN-EB...,"69,990",4.7
HP 14-r053TU Notebook (4th Gen Ci3/ 4GB/ 500GB/ Win8.1) (J8B87PA),"30,990",4.2
Avita Liber Core i7 8th Gen - (8 GB/256 GB SSD/Windows 10 Home) NS14A2IN246P Thin and Light Laptop,"75,990",No ratings
Asus ROG Core i7 7th Gen - (8 GB/1 TB HDD/256 GB SSD/Windows 10 Home/6 GB Graphics/NVIDIA Geforce GTX ...,"1,46,490",3
Asus VivoBook 14 APU Quad Core A12 - (8 GB/512 GB SSD/Windows 10 Home) X411QA-EK201T Thin and Light La...,"27,990",4.3
Avita Liber Core i7 8th Gen - (8 GB/256 GB SSD/Windows 10 Home) NS14A2IN239P Thin and Light Laptop,"75,990",No ratings
Avita Liber Core i7 8th Gen - (8 GB/256 GB SSD/Windows 10 Home) NS14A2IN247P Thin and Light Laptop,"75,990",No ratings
Asus APU Dual Core E1 - (4 GB/500 GB HDD/Windows 10 Home) X540YA-XO547T Laptop,"16,990",3.7
Acer Aspire Core i3 6th Gen - (4 GB/128 GB SSD/Windows 10 Home) X349-M Laptop,"49,449",No ratings
HP 15 Ryzen 3 Dual Core - (4 GB/1 TB HDD/Windows 10 Home) 15-db0186AU Laptop,"28,990",3.9
Dell Inspiron Core i7 6th Gen - (16 GB/1 TB HDD/128 GB SSD/Windows 10 Home/4 GB Graphics/NVIDIA Geforc...,"1,20,000",4
Apple MacBook Pro Core i5 8th Gen - (8 GB/256 GB SSD/Mac OS Mojave) A2159,"1,34,990",4.8
Asus Core i5 8th Gen - (8 GB/1 TB HDD/Windows 10 Home/2 GB Graphics) X509FJ-EJ502T Laptop,"43,990",4.2
Acer Nitro 5 Ryzen 7 Quad Core - (8 GB/1 TB HDD/256 GB SSD/Windows 10 Home/4 GB Graphics/NVIDIA Geforc...,"64,990",No ratings
Asus ZenBook Core i5 8th Gen - (8 GB/256 GB SSD/Windows 10 Home) UX430UA-GV307T Thin and Light Laptop,"50,990",4.4
Lenovo Ideapad 330 Ryzen 5 Quad Core - (4 GB/1 TB HDD/Windows 10 Home) 330-15ARR U Laptop,"34,990",4.1
Asus VivoBook Gaming Core i5 9th Gen - (8 GB + 32 GB Optane/512 GB SSD/Windows 10 Home/4 GB Graphics/N...,"59,990",4.6
Acer NITRO 5 Core i7 9th Gen - (8 GB/1 TB HDD/256 GB SSD/Windows 10 Home/4 GB Graphics/NVIDIA Geforce ...,"74,990",4.7
Asus 15 Core i5 8th Gen - (8 GB/512 GB SSD/Windows 10 Home/2 GB Graphics) X512FL-EJ502T Laptop,"55,949",No ratings
Asus X512FA Core i3 10th Gen - (4 GB/512 GB SSD/Windows 10 Home) X512FA-EJ373T Thin and Light Laptop,"38,990",No ratings
Lenovo Legion Y540 Core i5 9th Gen - (8 GB/1 TB HDD/128 GB SSD/Windows 10/4 GB Graphics/NVIDIA Geforce...,"71,998",No ratings
Lenovo Ideapad 130 APU Dual Core A6 - (4 GB/1 TB HDD/DOS) 130-15AST Laptop,"17,990",3.6
Lenovo Ideapad S145 Ryzen 5 Quad Core - (8 GB/1 TB HDD/Windows 10 Home) S145-15API Thin and Light Lapt...,"34,990",4.2
Lenovo Ideapad S540 Core i5 8th Gen - (8 GB/512 GB SSD/Windows 10 Home/2 GB Graphics) S540-15IWL Lapto...,"63,990",No ratings
Asus VivoBook 15 Ryzen 3 Dual Core - (4 GB/1 TB HDD/Windows 10 Home) X505ZA-EJ493TX505ZA Laptop,"31,490",4.6
HP CE Core i5 8th Gen - (8 GB/256 GB SSD/Windows 10 Home/2 GB Graphics) CE1000TX Thin and Light Laptop,"64,990",No ratings
MarQ by Flipkart Falkon Aerbook Core i5 8th Gen - (8 GB/256 GB SSD/Windows 10 Home) MAi5882SWT Thin an...,"41,990",4.4
Avita Liber Core i5 7th Gen - (8 GB/512 GB SSD/Windows 10 Home) NS13A1IN015P Thin and Light Laptop,"73,990",No ratings
HP Pavilion x360 Core i5 8th Gen - (8 GB/1 TB HDD/8 GB SSD/Windows 10 Home/2 GB Graphics) 14-cd0051TX ...,"74,990",4.1
Asus Core i5 8th Gen - (8 GB/512 GB SSD/Windows 10 Home/2 GB Graphics) X509FJ-EJ502T Laptop,"49,750",3.9
Asus Ryzen 5 Quad Core - (4 GB/256 GB SSD/Windows 10 Home) M509DA-EJ561T Laptop,"34,290",4.5
Avita Liber Core i5 7th Gen - (8 GB/512 GB SSD/Windows 10 Home) NS13A1IN014P Thin and Light Laptop,"73,990",No ratings
HP 14 Core i5 8th Gen - (8 GB/1 TB HDD/Windows 10 Home) 14-bf119TU Thin and Light Laptop,"49,990",4.2
Avita Liber Core i5 8th Gen - (8 GB/256 GB SSD/Windows 10 Home) NS14A2IN201P Thin and Light Laptop,"41,990",4.4
Dell Inspiron 15 3000 Series Core i7 8th Gen - (8 GB/2 TB HDD/Windows 10 Home/2 GB Graphics) ins 3576 ...,"64,990",4.1
Asus Core i5 8th Gen - (8 GB/1 TB HDD/Windows 10 Home) X540UA-DM995T Laptop,"38,490",4.1
Avita Liber Core i5 8th Gen - (8 GB/256 GB SSD/Windows 10 Home) NS14A2IN206P Thin and Light Laptop,"41,990",4.4
Asus ZenBook 13 Core i5 8th Gen - (8 GB/512 GB SSD/Windows 10 Home) UX333FA-A4184T Thin and Light Lapt...,"78,991",No ratings
HP Chromebook Celeron Dual Core - (4 GB/64 GB EMMC Storage/Chrome OS) 14-ca003TU Laptop,"22,990",4.1
Acer NITRO 5 Core i5 9th Gen - (8 GB/1 TB SSD/Windows 10 Home/6 GB Graphics/NVIDIA Geforce GTX 1660 Ti...,"77,990",4.6
Asus Vivobook Core i5 8th Gen - (4 GB + 16 GB Optane/1 TB HDD/Windows 10 Home/2 GB Graphics) X510UF-EJ...,"46,990",4.1
Avita Liber Core i3 8th Gen - (8 GB/128 GB SSD/Windows 10 Home) NS14A2IN190P Thin and Light Laptop,"38,990",No ratings
Lenovo Ideapad 130 Core i3 7th Gen - (4 GB/1 TB HDD/Windows 10 Home) 130-15IKB Laptop,"27,990",4
Asus Ryzen 5 Quad Core - (4 GB/1 TB HDD/Windows 10 Home) M509DA-EJ541T Laptop,"33,670",5
Lenovo Ideapad S145 Core i3 8th Gen - (8 GB/1 TB HDD/Windows 10 Home/2 GB Graphics) S145-15IWL Thin an...,"36,990",No ratings
Dell Vostro 14 3000 Core i5 8th Gen - (8 GB/1 TB HDD/Windows 10 Home/2 GB Graphics) vos 3480 Laptop,"40,990",4.1
Asus VivoBook S Series Core i5 8th Gen - (8 GB/1 TB HDD/256 GB SSD/Windows 10 Home) S430FA-EB006T Thin...,"49,990",4.5
Dell Inspiron 15 3000 Core i3 7th Gen - (4 GB/1 TB HDD/Windows 10 Home) 3584 Laptop,"29,890",4
MSI Core i7 9th Gen - (16 GB/1 TB HDD/256 GB SSD/Windows 10 Home/6 GB Graphics/NVIDIA Geforce GTX 1660...,"1,33,990",5
Lenovo Ideapad 330s Core i5 8th Gen - (4 GB + 16 GB Optane/1 TB HDD/Windows 10 Home/4 GB Graphics) 330...,"57,900",4.4
Dell Inspiron 7000 Core i5 6th Gen - (8 GB/1 TB HDD/8 GB SSD/Windows 10 Home/4 GB Graphics/NVIDIA Gefo...,"88,768",3
HP 15 Core i3 7th Gen - (4 GB/1 TB HDD/Windows 10 Home) 15-da0326tu Laptop,"29,899",4
Apple Macbook Pro Core i7 8th Gen - (16 GB/512 GB SSD/Mac OS Mojave/4 GB Graphics) MR942HN/A,"2,39,990",4
Avita Liber Core i5 7th Gen - (8 GB/512 GB SSD/Windows 10 Home) NS13A1IN012P Thin and Light Laptop,"73,990",No ratings
Dell Inspiron 5000 Core i7 8th Gen - (8 GB/1 TB HDD/512 GB SSD/Windows 10 Home/4 GB Graphics) 5584 Lap...,"79,990",4.3
Avita Liber Core i5 7th Gen - (8 GB/512 GB SSD/Windows 10 Home) NS13A1IN019P Thin and Light Laptop,"73,990",No ratings
Asus ZenBook Core i5 8th Gen - (8 GB/256 GB SSD/Windows 10 Home) UX430UA-GV573T Thin and Light Laptop,"52,399",4.2
Apple MacBook Pro Core i7 7th Gen - (16 GB/512 GB SSD/Mac OS Sierra/2 GB Graphics) MPTT2HN/A,"2,29,990",No ratings
Dell Inspiron 3000 Ryzen 5 Quad Core - (4 GB/1 TB HDD/Windows 10 Home) 3585 Laptop,"31,490",4
Asus X509UA Pentium Gold 7th Gen - (4 GB/256 GB SSD/Windows 10) X509UA-EJ246T Notebook,"21,899",No ratings
Microsoft Surface Pro Core i5 7th Gen - (8 GB/256 GB SSD/Windows 10 Pro) 1796 2 in 1 Laptop,"96,990",4.3
MSI GE Core i7 8th Gen - (16 GB/1 TB HDD/512 GB SSD/Windows 10 Home/8 GB Graphics/NVIDIA Geforce GTX 1...,"1,79,990",4.7
Acer Predator Helios 300 Core i5 9th Gen - (16 GB/1 TB HDD/256 GB SSD/Windows 10 Home/6 GB Graphics/NV...,"1,09,990",4.6
Asus ZenBook 15 Core i7 8th Gen - (16 GB/1 TB SSD/Windows 10 Home/2 GB Graphics) UX533FD-A9100T Laptop,"1,39,990",3.7
Dell Inspiron 3595 APU Dual Core A6 7th Gen - (4 GB/1 TB HDD/Windows 10) 3595 Laptop,"22,999",4.2
HP Pavilion Core i7 8th Gen - (8 GB/1 TB HDD/256 GB SSD/Windows 10/4 GB Graphics) Pavilion 15-cs2096tx...,"80,990",4.5
Asus VivoBook S Series Core i5 8th Gen - (8 GB/1 TB HDD/256 GB SSD/Windows 10 Home) S430FA-EB039T Thin...,"49,990",4.5
Apple MacBook Air Core i5 8th Gen - (8 GB/128 GB SSD/Mac OS Mojave) MRE82HN/A,"1,06,990",4.7
Avita Liber Core i5 8th Gen - (8 GB/256 GB SSD/Windows 10 Home) NS14A2IN196P Thin and Light Laptop,"41,990",4.4
HP 15 Core i5 8th Gen - (8 GB/1 TB HDD/Windows 10 Home/2 GB Graphics) 15-da1074TX Laptop,"51,990",4.2
Apple MacBook Air Core i5 8th Gen - (8 GB/256 GB SSD/Mac OS Mojave) MVFL2HN/A,"1,14,990",4.7
HP 15q Core i5 7th Gen - (4 GB/1 TB HDD/Windows 10 Home) 15q-ds0028TU Laptop,"37,990",4.1
HP Pavilion Core i7 8th Gen - (8 GB/2 TB HDD/Windows 10 Home/4 GB Graphics) 15-CS1052TX Thin and Light...,"84,990",No ratings
Dell Inspiron 15 7000 Core i7 8th Gen - (8 GB/1 TB HDD/256 GB SSD/Windows 10 Home/4 GB Graphics) 7570 ...,"87,990",No ratings
Lenovo Ideapad 330 Core i5 8th Gen - (4 GB + 16 GB Optane/1 TB HDD/Windows 10 Home/4 GB Graphics) Idea...,"53,900",4.2
Acer Helios 300 Core i7 9th Gen - (8 GB/2 TB HDD/256 GB SSD/Windows 10 Home/6 GB Graphics/NVIDIA Gefor...,"1,09,990",4.8
Avita Liber Core i5 8th Gen - (8 GB/256 GB SSD/Windows 10 Home) NS14A2IN211P Thin and Light Laptop,"41,990",4.4
Asus Vivo Core i5 8th Gen - (8 GB/512 GB SSD/Windows 10/2 GB Graphics) X509FJ-EJ501T Thin and Light La...,"49,990",No ratings
HP 14s Ryzen 5 Quad Core 3rd Gen - (8 GB/1 TB HDD/256 GB SSD/Windows 10 Home) 14s-dk0093AU Thin and Li...,"45,490",5
Lenovo Ideapad 120s Pentium Quad Core - (4 GB/128 GB SSD/Windows 10 Home) 120S-14IAP Thin and Light La...,"28,990",3
Asus ROG Strix Core i5 8th Gen - (8 GB/1 TB HDD/256 GB SSD/Windows 10 Home/4 GB Graphics/NVIDIA Geforc...,"64,990",4.5
Lenovo IDEAPAD APU Quad Core A6 9th Gen - (4 GB/1 TB HDD/Windows 10) 81n3lenovo ideapad s145-15ast u L...,"19,990",4
HP 14 APU Dual Core A4 9th Gen - (4 GB/1 TB HDD/Windows 10 Home) 14-cm0123au Thin and Light Laptop,"22,297",3.9
Avita Liber Core i5 8th Gen - (8 GB/256 GB SSD/Windows 10 Home) NS14A2IN212P Thin and Light Laptop,"41,990",4.4
Avita Liber Core i3 8th Gen - (8 GB/128 GB SSD/Windows 10 Home) NS14A2IN187P Thin and Light Laptop,"38,990",No ratings
Asus Core i5 8th Gen - (4 GB/1 TB HDD/Windows 10 Home) X540UA-DM2125T Laptop,"33,990",3.8
Asus VivoBook E12 Celeron Dual Core - (2 GB/32 GB EMMC Storage/Windows 10 Home) E203NA-FD088T Thin and...,"15,990",3.9
HP 14q Core i5 8th Gen - (4 GB/1 TB HDD/Windows 10 Home) 14q-cs0007TU Laptop,"44,990",3.2
Lenovo Ideapad 720S Core i7 8th Gen - (8 GB/512 GB SSD/Windows 10 Home) 720S-13IKB Thin and Light Lapt...,"95,695",No ratings
MSI Core i7 9th Gen - (16 GB/1 TB HDD/512 GB SSD/Windows 10 Home/8 GB Graphics/NVIDIA Geforce RTX 2070...,"1,89,990",No ratings
Avita Liber Core i5 8th Gen - (8 GB/256 GB SSD/Windows 10 Home) NS14A2IN207P Thin and Light Laptop,"41,990",4.4
Asus VivoBook 14 APU Quad Core A12 - (4 GB/1 TB HDD/Windows 10 Home) X411QA-EK001T Thin and Light Lapt...,"23,990",3.8
MSI Core i7 7th Gen - (16 GB/1 TB HDD/256 GB SSD/Windows 10 Home/8 GB Graphics/NVIDIA Geforce GTX 1070...,"1,85,990",4.2
MSI Stealth Core i7 8th Gen - (16 GB/512 GB SSD/Windows 10 Home/6 GB Graphics/NVIDIA Geforce RTX 2060)...,"1,89,990",4.8
Asus Core i3 8th Gen - (8 GB/1 TB HDD/Windows 10 Home) X540UA-GQ2099T Laptop,"33,990",3.9
Dell Core i5 8th Gen - (8 GB/256 GB SSD/Windows 10 Home) XPS 13 9360 Thin and Light Laptop,"92,490",4.9
HP 15 Celeron Dual Core - (4 GB/1 TB HDD/Windows 10 Home) 15-di0000TU Laptop,"25,439",4.6
Lenovo Ideapad 330s Core i5 8th Gen - (4 GB/1 TB HDD/Windows 10 Home/4 GB Graphics) 330S-15IKB Thin an...,"55,500",4.1
HP Envy 13 Ryzen 5 Quad Core - (8 GB/512 GB SSD/Windows 10 Home) 13-ar0118AU 2 in 1 Laptop,"69,990",4.5
Dell XPS 13 Core i5 8th Gen - (8 GB/256 GB SSD/Windows 10 Home) 9370 Thin and Light Laptop,"1,13,000",4.4
Lenovo Ideapad 330 Core i5 8th Gen - (8 GB/1 TB HDD/Windows 10 Home/4 GB Graphics/NVIDIA Geforce GTX 1...,"53,990",3.9
Lenovo Yoga 730 Core i7 8th Gen - (8 GB/512 GB SSD/Windows 10 Home) 730-13IKB Thin and Light Laptop,"1,09,990",4.6
Lenovo Legion Y530 Core i5 8th Gen - (8 GB/1 TB HDD/128 GB SSD/Windows 10 Home/4 GB Graphics/NVIDIA Ge...,"77,999",4.3
Acer NITRO 5 Core i5 9th Gen - (8 GB/1 TB HDD/256 GB SSD/Windows 10 Home/4 GB Graphics/NVIDIA Geforce ...,"74,990",No ratings
HP APU Dual Core A6 - (4 GB/1 TB HDD/DOS) 245 G7 Laptop,"17,990",3.9
Asus Core i5 8th Gen - (4 GB/1 TB HDD/Windows 10 Home) X540UA-DM1027T Laptop,"33,990",3.8
HP Envy 13 Core i7 10th Gen - (16 GB + 32 GB Optane/512 GB SSD/Windows 10 Home/2 GB Graphics) 13-aq102...,"1,14,990",No ratings
HP G6 APU Dual Core A9 - (4 GB/1 TB HDD/DOS) 245-G6 Laptop,"19,599",3.7
Asus Vivobook 15 Ryzen 5 Quad Core - (8 GB/512 GB SSD/Windows 10 Home) X512DA-EJ501T Thin and Light La...,"41,990",4.4
Asus ZenBook 13 Core i5 8th Gen - (8 GB/512 GB SSD/Windows 10 Home) UX331FAL-EG003T Thin and Light Lap...,"61,990",4.5
Acer Spin 3 Core i3 6th Gen - (4 GB/500 GB HDD/Windows 10 Home) SP315-51-30Q5 2 in 1 Laptop,"36,990",4.1
HP Pavilion x360 Core i3 8th Gen - (4 GB/1 TB HDD/256 GB SSD/Windows 10 Home/2 GB Graphics) 14-dh0044T...,"55,990",4.8
HP Pavilion x360 Core i7 8th Gen - (12 GB/512 GB SSD/Windows 10 Home/4 GB Graphics) 14-cd0056TX 2 in 1...,"1,09,990",4.7
Dell Inspiron 14 3000 Core i3 7th Gen - (4 GB/1 TB HDD/Linux) inspiron 3467 Laptop,"27,990",4.1
Lenovo Ideapad 130 APU Dual Core A9 - (4 GB/1 TB HDD/Windows 10 Home/2 GB Graphics) 130-15AST Laptop,"23,990",3.9
Asus Ryzen 5 Quad Core - (8 GB/1 TB HDD/Windows 10 Home) M509DA-EJ581T Laptop,"36,990",4.2
HP Pavilion 15 Core i5 8th Gen - (8 GB/1 TB HDD/Windows 10 Home/4 GB Graphics/NVIDIA Geforce GTX 1050)...,"54,990",4.3
MSI GL Core i7 7th Gen - (8 GB/1 TB HDD/128 GB SSD/Windows 10 Home/4 GB Graphics/NVIDIA Geforce 1050Ti...,"99,990",No ratings
Dell Inspiron 7000 Core i7 6th Gen - (8 GB/1 TB HDD/8 GB SSD/Windows 10 Home/4 GB Graphics/NVIDIA Gefo...,"94,990",3.9
Asus VivoBook Ryzen 5 Quad Core - (4 GB/1 TB HDD/Windows 10 Home) X505ZA-EJ505TX505Z Thin and Light La...,"31,990",4.2
Asus Vivobook Core i7 8th Gen - (8 GB/1 TB HDD/Windows 10 Home/2 GB Graphics) X510UN-EJ330T Laptop,"58,488",3.6
Lenovo Ideapad Core i5 7th Gen - (8 GB/1 TB HDD/Windows 10 Home/2 GB Graphics) IP 320-15IKB Laptop,"51,990",4.3
AGB Tiara 2403-R Core i7 7th Gen - (8 GB/1 TB HDD/512 GB SSD/Windows 10/2 GB Graphics) 2403-R Laptop,"71,999",No ratings
Dell Inspiron 5447 Notebook (4th Gen Ci5/ 4GB/ 1TB/ Win8.1/ 2GB Graph) (5447541TB2S),"48,300",3.9
Lenovo Ideapad 130 Core i3 6th Gen - (4 GB/1 TB HDD/Windows 10 Home) 130-15IKB Laptop,"26,899",4.4
Microsoft Surface Laptop 2 Core i5 8th Gen - (8 GB/128 GB SSD/Windows 10 Home) 1769 2 in 1 Laptop,"74,000",4.5
Acer Swift 3 Core i5 8th Gen - (8 GB + 16 GB Optane/1 TB HDD/Windows 10 Home/2 GB Graphics) SF315-52G-...,"57,999",4.4
HP Pavilion 15 Core i5 8th Gen - (8 GB/1 TB HDD/128 GB SSD/Windows 10 Home/4 GB Graphics/NVIDIA Geforc...,"65,990",4.3
HP Pavilion Core i5 7th Gen - (4 GB/1 TB HDD/Windows 10 Home/4 GB Graphics) 15-AU624TX Laptop,"50,990",4
Asus VivoBook 14 Ryzen 5 Quad Core - (4 GB/1 TB HDD/Windows 10 Home) X412DA-EK141T Thin and Light Lapt...,"37,790",4.3
Asus ROG Strix Core i7 8th Gen - (16 GB/1 TB HDD/256 GB SSD/Windows 10 Home/4 GB Graphics/NVIDIA Gefor...,"82,990",4.4
Dell Inspiron 13 7000 Core i7 8th Gen - (16 GB/512 GB SSD/Windows 10 Home) 7373 2 in 1 Laptop,"96,990",4.2
Lenovo Ideapad 520 Core i5 8th Gen - (16 GB/2 TB HDD/Windows 10 Home/4 GB Graphics) 520-15IKB Laptop,"87,990",5
Lenovo Ideapad 330 Core i3 7th Gen - (4 GB/1 TB HDD/Windows 10 Home/2 GB Graphics) Ideapad 330 Laptop,"42,990",No ratings
Microsoft Surface Go Pentium Gold - (8 GB/128 GB SSD/Windows 10 Home in S Mode) 1824 2 in 1 Laptop,"47,000",4.4
HP 14s Core i5 8th Gen - (8 GB/1 TB HDD/256 GB SSD/Windows 10 Home) 14s-cr1005TU Thin and Light Laptop,"54,500",4.3
HP Pavilion Core i7 9th Gen - (8 GB/1 TB HDD/256 GB SSD/Windows 10 Home/4 GB Graphics/NVIDIA Geforce G...,"86,490",4.2
Asus Core i5 8th Gen - (8 GB/1 TB HDD/Windows 10 Home/2 GB Graphics) X507UF-EJ281T Laptop,"46,690",4.1
HP 15s Core i3 7th Gen - (4 GB/1 TB HDD/256 GB SSD/Windows 10 Home) 15s-du0050TU Laptop,"39,990",4.4
Dell G3 Series Core i7 8th Gen - (8 GB/1 TB HDD/128 GB SSD/Windows 10 Home/4 GB Graphics/NVIDIA Geforc...,"80,990",4.4
Dell Inspiron 5000 Core i5 7th Gen - (8 GB/1 TB HDD/Windows 10 Home) 5578 2 in 1 Laptop,"76,990",4.2
HP 14-CK Series Core i3 7th Gen - (4 GB/1 TB HDD/Windows 10 Home) 14-ck0119TU Laptop,"38,000",4.1
Apple MacBook Pro Core i5 8th Gen - (8 GB/256 GB SSD/Mac OS Mojave) MV992HN,"1,35,999",4.5
Dell Inspiron 15 5000 Series Core i5 8th Gen - (4 GB + 16 GB Optane/2 TB HDD/Windows 10 Home/2 GB Grap...,"59,000",4.8
HP 15 Core i5 10th Gen - (4 GB/1 TB HDD/256 GB SSD/Windows 10 Home) 15-di2000tu Laptop,"47,990",4.1
HP Pavilion x360 Core i5 8th Gen - (8 GB/1 TB HDD/128 GB SSD/Windows 10 Home) 14-cd0087TU 2 in 1 Lapto...,"74,990",4.5
Asus VivoBook 14 Core i5 8th Gen - (8 GB/512 GB SSD/Windows 10 Home) X412FA-EK268T Thin and Light Lapt...,"44,990",4.4
HP 300 Core i3 7th Gen - (4 GB/1 TB HDD/16 GB EMMC Storage/Windows 10 Pro) 348 G4 Laptop,"44,501",No ratings
HP Pavilion Core i3 7th Gen - (8 GB/1 TB HDD/Windows 10 Home/2 GB Graphics) da0435tx Laptop,"44,990",4.3
Lenovo Ideapad 520 Core i5 8th Gen - (8 GB/2 TB HDD/Windows 10 Home/2 GB Graphics) 520-15IKB Laptop,"62,990",4.3
Lenovo Thinpad E480 Core i3 7th Gen - (4 GB/500 GB HDD/Windows 10 Pro/512 MB Graphics) ThinkPad E480 L...,"55,999",No ratings
HP 15 Core i3 7th Gen - (4 GB/1 TB HDD/DOS) 15-da0296tu Laptop,"29,899",4.3
Lenovo Ideapad 330s Core i3 7th Gen - (4 GB/1 TB HDD/Windows 10 Home) 330S-14IKB Thin and Light Laptop,"42,990",4
HP Core i5 7th Gen - (4 GB/1 TB HDD/Windows 10 Home) 250 G6 Laptop,"44,498",4.2
AGB Orion Core i7 7th Gen - (8 GB/1 TB HDD/512 GB SSD/Windows 10/2 GB Graphics/Intel Integrated Intel ...,"65,499",No ratings
Lenovo IdeaPad 330 Core i5 8th Gen - (8 GB/1 TB HDD/Windows 10) 81DE008PIN Laptop,"48,990",4.3
Lenovo Series V APU Quad Core A6 6th Gen - (4 GB/1 TB HDD/DOS) V 110 Laptop,"23,799",3.5
Dell Inspiron 3000 Core i5 10th Gen - (4 GB/1 TB HDD/256 GB SSD/Windows 10 Home) 3593 Laptop,"47,690",No ratings
Asus Ryzen 5 Quad Core - (8 GB/1 TB HDD/Windows 10 Home/4 GB Graphics/NVIDIA Geforce GTX 1050) F570ZD-...,"50,000",4.2
HP Pavilion Core i5 8th Gen - (8 GB/2 TB HDD/Windows 10 Home/2 GB Graphics) 15-ck069TX Laptop,"66,490",4.3
Lenovo Ideapad 330 Core i3 7th Gen - (4 GB/1 TB HDD/Windows 10 Home) 330-14IKB Laptop,"34,495",4
Lenovo Core i5 7th Gen - (8 GB/1 TB HDD/Windows 10 Home/4 GB Graphics) 510 Laptop,"71,990",3.8
HP 250-G6 Core i5 7th Gen - (4 GB/1 TB HDD/DOS/2 GB Graphics) 2RC10PA Laptop,"46,200",4.1
Acer Swift 3 Ryzen 5 Quad Core - (8 GB/1 TB HDD/Windows 10 Home) sf315-41 Laptop,"39,990",4.2
HP 15 Core i3 7th Gen - (4 GB/1 TB HDD/Windows 10 Home) 15-da0352tu Laptop,"30,850",4
HP Omen Core i7 8th Gen - (16 GB/1 TB HDD/256 GB SSD/Windows 10 Home/8 GB Graphics/NVIDIA Geforce RTX ...,"1,59,990",4
AGB Tiara Core i7 7th Gen - (8 GB/500 GB HDD/512 GB SSD/Windows 10/2 GB Graphics) 1709A Laptop,"70,999",No ratings
Dell Inspiron 15 5000 Core i5 8th Gen - (8 GB/2 TB HDD/Windows 10 Home/4 GB Graphics) 5570 Laptop,"77,990",4.2
HP spectre x360 Core i7 10th Gen - (16 GB + 32 GB Optane/512 GB SSD/Windows 10 Home/2 GB Graphics) 15-...,"1,79,990",No ratings
Dell Inspiron 5000 Core i7 7th Gen - (16 GB/2 TB HDD/Windows 10 Home/4 GB Graphics) 5567 Laptop,"92,490",4.2
Dell Inspiron 13 7000 Series Core i7 8th Gen - (16 GB/512 GB SSD/Windows 10 Home) insp 7380 Laptop,"1,15,185",No ratings
Lenovo Ideapad 530s Core i5 8th Gen - (8 GB/512 GB SSD/Windows 10 Home/2 GB Graphics) 530S-15IKB Lapto...,"88,000",4.6
Dell Inspiron 3000 APU Dual Core A6 - (4 GB/1 TB HDD/Windows 10 Home) 3595 Laptop,"21,990",1.8
Dell Inspiron 5000 Core i5 6th Gen - (8 GB/1 TB HDD/Windows 10 Home/4 GB Graphics) 5559 Laptop,"67,990",3.8
AGB Orion Core i7 7th Gen - (16 GB/1 TB HDD/1 TB SSD/Windows 10/2 GB Graphics/Intel Integrated HD620) ...,"79,299",No ratings
Lenovo Core i3 4th Gen - (4 GB/1 TB HDD/Windows 10 Home) G50-80 Laptop,"36,000",4.3
HP Pavilion 15-CS Core i5 8th Gen - (8 GB/1 TB HDD/Windows 10 Home/2 GB Graphics) 15-cs1000tx Laptop,"64,990",4.2
Lenovo Ideapad 330s Core i3 8th Gen - (4 GB/1 TB HDD/Windows 10 Home) 81F401FVIN Laptop,"57,390",4.3
Lenovo Core i7 7th Gen - (8 GB/2 TB HDD/Windows 10 Home/4 GB Graphics) 510 Laptop,"82,490",3.8
Lenovo Core i5 7th Gen - (8 GB/1 TB HDD/DOS/2 GB Graphics) IP 320-15IKB Laptop,"56,990",4.3
HP DA Core i5 8th Gen - (4 GB/1 TB HDD/256 GB SSD/Windows 10 Home) 15-DA1058TU Laptop,"54,990",4.3
Dell Inspiron 13 5000 Core i5 8th Gen - (8 GB/1 TB HDD/Windows 10 Home) 5379 2 in 1 Laptop,"74,990",4.1
Lenovo Ideapad 330 Core i7 8th Gen - (8 GB/1 TB HDD/Windows 10 Home/4 GB Graphics) 330-15IKB Laptop,"75,000",4.3
Lenovo Ideapad 330 Celeron Dual Core - (4 GB/1 TB HDD/Windows 10 Home) 330-15IKB Laptop,"19,490",3.3
Dell Inspiron 15 5000 Core i7 8th Gen - (8 GB/2 TB HDD/Windows 10 Home/4 GB Graphics) 5570 Laptop,"80,990",3.8
HP ProBook Core i5 7th Gen - (4 GB/1 TB HDD/Windows 10 Pro) 440 Business Laptop,"71,060",No ratings
Lenovo Ideapad 330s Core i3 8th Gen - (4 GB/256 GB SSD/Windows 10 Home) 330S-14IKB Thin and Light Lapt...,"43,942",4
Lenovo G50-30 Pentium Quad Core 4th Gen - (4 GB/500 GB HDD/DOS) G50-30 Laptop,"25,999",4
Lenovo Ideapad 330 Core i3 7th Gen - (4 GB/1 TB HDD/DOS) 330-15IKB Laptop,"32,999",4.3
Lenovo Ideapad 330 Core i5 8th Gen - (8 GB + 16 GB Optane/1 TB HDD/Windows 10 Home/4 GB Graphics/NVIDI...,"64,999",4.5
HP 14q Core i3 7th Gen - (4 GB/256 GB SSD/Windows 10 Home) 14q-cs0019TU Thin and Light Laptop,"37,990",4.4
AGB Octev Core i7 7th Gen - (32 GB/1 TB HDD/1 TB SSD/Windows 10/2 GB Graphics/NVIDIA Geforce GTX 950) ...,"94,999",No ratings
HP EliteBook x360 Core i5 8th Gen - (8 GB/1 TB HDD/256 GB SSD/8 GB EMMC Storage/Windows 10 Pro/2 GB Gr...,"1,48,999",No ratings
Dell Inspiron 15 7000 Core i7 8th Gen - (8 GB/1 TB HDD/256 GB SSD/Windows 10 Home/4 GB Graphics) 7570 ...,"1,09,000",4.6
Dell XPS 13 Core i5 7th Gen - (8 GB/256 GB SSD/Windows 10 Home) 9360 Thin and Light Laptop,"93,990",No ratings
Asus VivoBook Ryzen 5 Quad Core - (8 GB/1 TB HDD/Windows 10 Home) X505ZA-EJ509TX505Z Thin and Light La...,"34,999",4.2
Dell Inspiron 5000 Core i7 6th Gen - (16 GB/2 TB HDD/Windows 10 Home/4 GB Graphics) 5559 Laptop,"91,400",3.7
Dell Core i3 6th Gen - (4 GB/1 TB HDD/Windows 10 Home) 5559 Laptop,"45,490",4
Lenovo Z50 Notebook (4th Gen Ci5/ 4GB/ 1TB/ Free DOS) (59-442264),"42,000",4.2
Lenovo Ideapad 500 Core i5 6th Gen - (4 GB/1 TB HDD/Windows 10 Home/2 GB Graphics/NVIDIA Geforce Nvidi...,"55,000",No ratings
Lenovo Ideapad L340 Core i5 9th Gen - (8 GB/1 TB HDD/Windows 10 Home/4 GB Graphics/NVIDIA Geforce GTX ...,"95,000",4.2
Lenovo Ideapad 320 APU Quad Core A6 - (4 GB/1 TB HDD/Windows 10 Home) 80XV00T8IH Laptop,"29,000",3.5
Lenovo Ideapad 330 Pentium Quad Core - (4 GB/1 TB HDD/DOS) 330-15IGM Laptop,"25,999",3.9
Lenovo Yoga S940 Core i7 8th Gen - (16 GB/1 TB SSD/Windows 10 Home) S940-14IWL Thin and Light Laptop,"1,99,999",No ratings
Lenovo i5-8250u Core i5 7th Gen - (8 GB/256 GB SSD/Windows 10) Yoga 730 2 in 1 Laptop,"1,25,000",No ratings
Lenovo 330 Core i3 7th Gen - (4 GB/1 TB HDD/Windows 10) Ideapad Laptop,"35,990",4.3
Lenovo Yoga 520 Core i3 7th Gen - (4 GB/1 TB HDD/Windows 10 Home) 520-14IKB 2 in 1 Laptop,"57,000",4
Dell Inspiron 15 3000 Series Core i5 8th Gen - (4 GB/1 TB HDD/Windows 10 Home) 3576 Laptop,"57,990",3
HP ProBook Core i3 7th Gen - (4 GB/500 GB HDD/Windows 10 Pro) 440 Business Laptop,"61,715",2.8
Lenovo Core i7-8550U Core i7 7th Gen - (16 GB/500 GB HDD/500 GB SSD/Windows 10/16 GB Graphics) ThinkPa...,"2,25,000",No ratings
Lenovo Ideapad 330S Core i5 8th Gen - (4 GB + 16 GB Optane/1 TB HDD/Windows 10 Home/512 MB Graphics) 8...,"58,000",4
Lenovo 20LS0002US Core i5 7th Gen - (8 GB/256 GB HDD/8 GB SSD/Windows 10) Thinkpad L480 Laptop,"1,25,000",No ratings
Lenovo Ideapad 330 Core i3 8th Gen - (4 GB/1 TB HDD/Windows 10 Home/512 MB Graphics) 81DE01BUIN Laptop,"45,500",3.9
Lenovo YogaBook Core i7 8th Gen - (16 GB/512 GB SSD/Windows 10 Pro) C930-13IKB 2 in 1 Laptop,"1,54,799",No ratings
HP Core i5 6th Gen - (4 GB/500 GB HDD/DOS) 240 G5 Laptop,"43,000",3.5
Dell 5000 Core i3 6th Gen - (4 GB/1 TB HDD/Windows 10 Home) 5368 2 in 1 Laptop,"60,990",3.9
HP 15 Core i5 8th Gen - (8 GB/1 TB HDD/Windows 10) 15-da1041tu Laptop,"55,006",4.3
Dell Inspiron 5000 Core i5 7th Gen - (8 GB/2 TB HDD/Windows 10 Home/2 GB Graphics) 5567 Laptop,"65,990",4.2
HP 15 Pentium Quad Core - (4 GB/1 TB HDD/Windows 10 Home) 15-da0295TU Laptop,"28,500",4.2
Lenovo Ideapad S540 Core i5 8th Gen - (8 GB/1 TB SSD/Windows 10 Home/2 GB Graphics) S540-14IWL Thin an...,"69,500",4.5
Dell Inspiron 5000 Core i5 7th Gen - (4 GB/1 TB HDD/Windows 10 Home/2 GB Graphics) 5567 Laptop,"63,990",3.9
Dell 5000 Core i5 7th Gen - (8 GB/1 TB HDD/Windows 10 Home) 5578 2 in 1 Laptop,"76,000",4
Asus VivoBook 15 Core i3 8th Gen - (4 GB/1 TB HDD/Windows 10 Home) X540UA-GQ2113T Laptop,"30,990",4.1
HP Pavilion Core i5 8th Gen - (8 GB/1 TB HDD/Windows 10 Home/4 GB Graphics/NVIDIA Geforce GTX 1050) 15...,"64,990",4.8
HP Pavilion x360 Core i7 10th Gen - (16 GB/512 GB SSD/Windows 10 Home/2 GB Graphics) 14-dh1026TX 2 in ...,"1,09,900",4
Acer Aspire Core i3 6th Gen - (4 GB/1 TB HDD/Windows 10 Home/2 GB Graphics) E5-575G Laptop,"43,490",3.9
Dell Vostro 3446 Notebook (4th Gen Ci3/ 4GB/ 500GB/ Ubuntu/ 2GB Graph) (3446345002GU1),"33,000",4
HP G6 Core i3 7th Gen - (4 GB/1 TB HDD/DOS) 250-G6 Laptop,"31,899",No ratings
HP Envy 13 Core i5 8th Gen - (8 GB/256 GB SSD/Windows 10 Home) 13-ah0043tu Thin and Light Laptop,"75,000",4.4
Dell Inspiron Core i7 6th Gen - (16 GB/2 TB HDD/Windows 10 Home/4 GB Graphics) 5559 Laptop,"92,000",3.4
Dell Latitude 7440 Pentium Dual Core 4th Gen - (16 GB/500 GB HDD/Windows 8) E7440 Laptop,"24,000",No ratings
Lenovo ideapad APU Quad Core A4 - (4 GB/1 TB HDD/Windows 10 Home) 130 Laptop,"21,000",2.9
Dell Inspiron 5000 Core i5 7th Gen - (8 GB/2 TB HDD/Windows 10 Home/4 GB Graphics) 5567 Laptop,"84,000",4
Dell Inspiron 15 5000 Core i5 8th Gen - (8 GB/2 TB HDD/Windows 10 Home/4 GB Graphics) 5570 Laptop,"77,990",4.1
HP 15q Core i5 7th Gen - (8 GB/1 TB HDD/Windows 10 Home) 15q-ds0029TU Laptop,"51,930",4.1
Dell Inspiron 5000 Core i5 7th Gen - (8 GB/1 TB HDD/Windows 10 Home/4 GB Graphics) 5567 Laptop,"68,990",4
MSI Core i7 9th Gen - (16 GB/1 TB HDD/256 GB SSD/Windows 10 Home/6 GB Graphics/NVIDIA Geforce RTX 2060...,"1,46,990",4.8
Dell Inspiron 15 5000 Core i3 6th Gen - (4 GB/1 TB HDD/Windows 10 Home) 5567 Laptop,"36,990",3.9
Lenovo Ideapad 330 Celeron Dual Core - (4 GB/500 GB HDD/Windows 10 Home) 330-15IGM Laptop,"26,999",4.1
HP OMEN Core i5 7th Gen - (8 GB/1 TB HDD/Windows 10 Home/2 GB Graphics/NVIDIA Geforce GTX 1050) 15-ax2...,"82,965",4.5
Lenovo Ideapad 330 Pentium Quad Core - (4 GB/1 TB HDD/Windows 10 Home) 330-15IGM Laptop,"33,000",4
LifeDigital Zed Series Atom Quad Core - (2 GB/32 GB EMMC Storage/Windows 10 Home) Zed Air Lite Laptop,"9,990",3.7
LifeDigital Zed Series Core i3 5th Gen - (8 GB/1 TB HDD/DOS) Zed Air CX3 Laptop,"24,831",3.4
LifeDigital Zed Series Core i3 5th Gen - (4 GB/1 TB HDD/DOS) Zed Air CX3 Laptop,"19,990",3.9
Acer Swift 3 Core i5 8th Gen - (8 GB/1 TB HDD/128 GB SSD/Windows 10 Home/2 GB Graphics) SF315-52G Lapt...,"56,990",4.3
Smartron t.book flex Core i5 7th Gen - (4 GB/128 GB SSD/Windows 10 Home) T1224 2 in 1 Laptop,"52,990",4.2
Lenovo Ideapad 320 Core i3 7th Gen - (4 GB/1 TB HDD/Windows 10 Home) IP 320S Laptop,"38,000",4.1
Lenovo Ideapad 330 Core i5 8th Gen - (4 GB + 16 GB Optane/1 TB HDD/Windows 10 Home/4 GB Graphics) 330-...,"49,990",3.9
HP 15 Athlon Dual Core - (4 GB/1 TB HDD/Windows 10 Home) 15-db1066AU Laptop,"21,990",3.5
Acer Predator Triton 700 Core i7 7th Gen - (16 GB/1 TB SSD/Windows 10 Home/6 GB Graphics/NVIDIA Geforc...,"99,990",3.8
Avita Magus Celeron Dual Core - (4 GB/64 GB EMMC Storage/Windows 10 Home) NS12T5IN003P 2 in 1 Laptop,"20,490",3.7
Dell Inspiron 15 5000 Core i5 7th Gen - (8 GB/1 TB HDD/128 GB SSD/Windows 10 Home/4 GB Graphics/NVIDIA...,"60,990",4.7
Asus Core i7 8th Gen - (8 GB/512 GB SSD/Windows 10 Home/2 GB Graphics) X509FJ-EJ702T Laptop,"57,990",3
Dell Inspiron 15 5000 Core i5 8th Gen - (8 GB/2 TB HDD/Windows 10 Home/2 GB Graphics) 5570 Laptop,"64,990",4.2
Dell Inspiron 15 3000 Core i3 7th Gen - (4 GB/1 TB HDD/Windows 10/2 GB Graphics) 15 3576 Laptop,"35,140",3.9
Smartron t.book flex Core m3 7th Gen - (4 GB/128 GB SSD/Windows 10 Home) T1223 2 in 1 Laptop,"42,490",4.3
Smartron t.book flex Core m3 7th Gen - (4 GB/128 GB SSD/Windows 10 Home) T1223 2 in 1 Laptop,"42,990",3.9
Dell Latitude 3490 Core i5 8th Gen - (4 GB/1 TB HDD/Windows 10 Pro) Latitude 3490 Laptop,"55,854",3.6
Asus ROG Strix Edition Core i7 8th Gen - (16 GB/1 TB HDD/256 GB SSD/Windows 10 Home/4 GB Graphics/NVID...,"90,990",4.5
Dell Vostro 15 3000 Core i5 8th Gen - (8 GB/1 TB HDD/Windows 10 Home/2 GB Graphics) 3580 Laptop,"48,990",3.8
Asus VivoBook S15 Core i7 8th Gen - (8 GB/1 TB HDD/Windows 10 Home/2 GB Graphics) S510UN-BQ052T Laptop,"67,000",4.2
Dell Inspiron 15 5000 Core i5 8th Gen - (8 GB/1 TB HDD/Windows 10 Home/2 GB Graphics) 5570 Laptop,"50,350",3.9
HP 200 APU Dual Core A6 7th Gen - (4 GB/1 TB HDD/DOS) 245 G7 Notebook Laptop,"20,499",3.7
Dell Inspiron 3000 Ryzen 3 Quad Core - (4 GB/1 TB HDD/Windows 10 Home) 3585 Laptop,"28,790",3.8
Smartron t.book flex Core i5 7th Gen - (4 GB/128 GB SSD/Windows 10 Home) T1224 2 in 1 Laptop,"52,990",3.8
Lenovo Ideapad 330 Core i3 7th Gen - (4 GB/1 TB HDD/Windows 10 Home/512 MB Graphics) 81DC00HEIN Laptop,"40,000",4.2
Asus Core i5 8th Gen - (8 GB/1 TB HDD/Windows 10 Home) X507UA-EJ456T Laptop,"43,990",4
Dell Inspiron Core i5 7th Gen - (8 GB/1 TB HDD/Windows 10 Home/2 GB Graphics) 5567 Laptop,"70,990",4.1
HP DA Core i3 7th Gen - (8 GB/1 TB HDD/Windows 10 Home/2 GB Graphics) DA0070TX Laptop,"49,279",4.4
Lenovo Ideapad 330 Core i3 7th Gen - (4 GB/1 TB HDD/Windows 10 Home/512 MB Graphics) 81DC00DJIN Laptop,"39,999",4.1
Lava Helium 12 Atom 7th Gen - (2 GB/32 GB HDD/32 GB EMMC Storage/Windows 10 Home) Helium 12 Laptop,"12,999",4.1
Apple MacBook Pro Core i7 9th Gen - (16 GB/512 GB SSD/Mac OS Catalina/4 GB Graphics) MVVJ2HN/A,"1,99,900",No ratings
Asus ROG Strix Scar III Core i7 9th Gen - (16 GB/1 TB SSD/Windows 10 Home/6 GB Graphics/NVIDIA Geforce...,"1,81,990",No ratings
Asus VivoBook Gaming Core i5 9th Gen - (8 GB/1 TB HDD/256 GB SSD/Windows 10 Home/4 GB Graphics/NVIDIA ...,"80,990",No ratings
Asus ROG Strix G Core i5 9th Gen - (8 GB/512 GB SSD/Windows 10 Home/4 GB Graphics/NVIDIA Geforce GTX 1...,"1,01,990",No ratings
HP Pavilion x360 Core i5 10th Gen - (8 GB/1 TB HDD/256 GB SSD/Windows 10 Home) 14-dh1011TU 2 in 1 Lapt...,"73,990",4.4
Acer Aspire 5 Core i5 8th Gen - (8 GB/1 TB HDD/Windows 10 Home/2 GB Graphics) A515-52G Thin and Light ...,"49,990",No ratings
Lenovo Ideapad S145 Celeron Dual Core - (4 GB/1 TB HDD/Windows 10 Home) S145-15IGM Laptop,"20,400",No ratings
Apple MacBook Pro Core i9 9th Gen - (16 GB/1 TB SSD/Mac OS Catalina/4 GB Graphics) MVVM2HN/A,"2,29,900",No ratings
Apple MacBook Pro Core i9 9th Gen - (16 GB/1 TB SSD/Mac OS Catalina/4 GB Graphics) MVVK2HN/A,"2,29,900",No ratings
Dell Vostro 15 3000 Core i3 7th Gen - (4 GB/1 TB HDD/Linux) 3581 Laptop,"28,499",No ratings
Asus VivoBook 15 Core i3 10th Gen - (4 GB/512 GB SSD/Windows 10 Home) X512FA-EJ371T Thin and Light Lap...,"48,990",No ratings
Lenovo Ideapad 320E Core i3 6th Gen - (4 GB/1 TB HDD/DOS) 320-14ISK Laptop,"30,000",4.2
Dell XPS 13 Core i7 8th Gen - (16 GB/512 GB SSD/Windows 10 Home) 9370 Thin and Light Laptop,"1,65,000",No ratings
